Workbook

Sheet Scenario1
A1: input | B1: sector | C1: 2026 | D1: 2027 | E1: 2028 | F1: 2029 | G1: 2030 | H1: 2031 | I1: 2032 | J1: 2033 | K1: 2034 | L1: 2035 | M1: 2036 | N1: 2037 | O1: 2038 | P1: 2039 | Q1: 2040 | R1: 2041 | S1: 2042 | T1: 2043 | U1: 2044 | V1: 2045 | W1: 2046 | X1: 2047 | Y1: 2048 | Z1: 2049 | AA1: 2050
A2: iotable_2023.xlsx | B2: 1610 | C2: ='raw data1'!M7 -> -660838.11 | D2: ='raw data1'!M8 -> -1206552.7 | E2: ='raw data1'!M9 -> -1206552.7 | F2: ='raw data1'!M10 -> -1424838.6 | G2: ='raw data1'!M11 -> -3275105.8 | H2: ='raw data1'!M12 -> -3275105.8 | I2: ='raw data1'!M13 -> -3275105.8 | J2: ='raw data1'!M14 -> -4307280 | K2: ='raw data1'!M15 -> -4307280 | L2: ='raw data1'!M16 -> -5613889.5 | M2: ='raw data1'!M17 -> -6471522.2 | N2: ='raw data1'!M18 -> -7221269.6 | O2: ='raw data1'!M19 -> -7221269.6 | P2: ='raw data1'!M20 -> -7221269.6 | Q2: ='raw data1'!M21 -> -7879478.1 | R2: ='raw data1'!M22 -> -7879478.1 | S2: ='raw data1'!M23 -> -8605977.6 | T2: ='raw data1'!M24 -> -8605977.6 | U2: ='raw data1'!M25 -> -9296878.7 | V2: ='raw data1'!M26 -> -9296878.7 | W2: ='raw data1'!M27 -> -9885161.6 | X2: ='raw data1'!M28 -> -9885161.6 | Y2: ='raw data1'!M29 -> -9885161.6 | Z2: ='raw data1'!M30 -> -9885161.6 | AA2: ='raw data1'!M31 -> -9885161.6
A3: iotable_2023.xlsx | B3: 4506 | C3: =VLOOKUP(C1,'raw data1'!$A$6:$R$31,18) -> 2529788.2 | D3: =VLOOKUP(D1,'raw data1'!$A$6:$R$31,18) -> 4029587.6 | E3: =VLOOKUP(E1,'raw data1'!$A$6:$R$31,18) -> 4253453.6 | F3: =VLOOKUP(F1,'raw data1'!$A$6:$R$31,18) -> 5142934 | G3: =VLOOKUP(G1,'raw data1'!$A$6:$R$31,18) -> 16528454 | H3: =VLOOKUP(H1,'raw data1'!$A$6:$R$31,18) -> 16528454 | I3: =VLOOKUP(I1,'raw data1'!$A$6:$R$31,18) -> 18018108 | J3: =VLOOKUP(J1,'raw data1'!$A$6:$R$31,18) -> 27615663 | ... AA3: =VLOOKUP(AA1,'raw data1'!$A$6:$R$31,18) -> 80347644
A4: hydrogentable.xlsx | B4: H2S | C4: =(VLOOKUP(C1,'raw data1'!$A$6:$N$31,14))*HLOOKUP(C1,h2portion!$C$1:$AB$5,3)/HLOOKUP(C1,h2portion!$C$1:$AB$5,2) -> 0 | D4: =(VLOOKUP(D1,'raw data1'!$A$6:$N$31,14))*HLOOKUP(D1,h2portion!$C$1:$AB$5,3)/HLOOKUP(D1,h2portion!$C$1:$AB$5,2) -> 0 | E4: =(VLOOKUP(E1,'raw data1'!$A$6:$N$31,14))*HLOOKUP(E1,h2portion!$C$1:$AB$5,3)/HLOOKUP(E1,h2portion!$C$1:$AB$5,2) -> 0 | F4: =(VLOOKUP(F1,'raw data1'!$A$6:$N$31,14))*HLOOKUP(F1,h2portion!$C$1:$AB$5,3)/HLOOKUP(F1,h2portion!$C$1:$AB$5,2) -> 0 | G4: =(VLOOKUP(G1,'raw data1'!$A$6:$N$31,14))*HLOOKUP(G1,h2portion!$C$1:$AB$5,3)/HLOOKUP(G1,h2portion!$C$1:$AB$5,2) -> 1517752.8 | H4: =(VLOOKUP(H1,'raw data1'!$A$6:$N$31,14))*HLOOKUP(H1,h2portion!$C$1:$AB$5,3)/HLOOKUP(H1,h2portion!$C$1:$AB$5,2) -> 1191235.1 | I4: =(VLOOKUP(I1,'raw data1'!$A$6:$N$31,14))*HLOOKUP(I1,h2portion!$C$1:$AB$5,3)/HLOOKUP(I1,h2portion!$C$1:$AB$5,2) -> 1618921.8 | J4: =(VLOOKUP(J1,'raw data1'!$A$6:$N$31,14))*HLOOKUP(J1,h2portion!$C$1:$AB$5,3)/HLOOKUP(J1,h2portion!$C$1:$AB$5,2) -> 2655807.2 | ... AA4: =(VLOOKUP(AA1,'raw data1'!$A$6:$N$31,14))*HLOOKUP(AA1,h2portion!$C$1:$AB$5,3)/HLOOKUP(AA1,h2portion!$C$1:$AB$5,2) -> 4028524.7
A5: hydrogentable.xlsx | B5: H2T | C5: =(VLOOKUP(C1,'raw data1'!$A$6:$N$31,14))*HLOOKUP(C1,h2portion!$C$1:$AB$5,4)/HLOOKUP(C1,h2portion!$C$1:$AB$5,2) -> 0 | D5: =(VLOOKUP(D1,'raw data1'!$A$6:$N$31,14))*HLOOKUP(D1,h2portion!$C$1:$AB$5,4)/HLOOKUP(D1,h2portion!$C$1:$AB$5,2) -> 0 | E5: =(VLOOKUP(E1,'raw data1'!$A$6:$N$31,14))*HLOOKUP(E1,h2portion!$C$1:$AB$5,4)/HLOOKUP(E1,h2portion!$C$1:$AB$5,2) -> 0 | F5: =(VLOOKUP(F1,'raw data1'!$A$6:$N$31,14))*HLOOKUP(F1,h2portion!$C$1:$AB$5,4)/HLOOKUP(F1,h2portion!$C$1:$AB$5,2) -> 0 | G5: =(VLOOKUP(G1,'raw data1'!$A$6:$N$31,14))*HLOOKUP(G1,h2portion!$C$1:$AB$5,4)/HLOOKUP(G1,h2portion!$C$1:$AB$5,2) -> 1634503 | H5: =(VLOOKUP(H1,'raw data1'!$A$6:$N$31,14))*HLOOKUP(H1,h2portion!$C$1:$AB$5,4)/HLOOKUP(H1,h2portion!$C$1:$AB$5,2) -> 1509821.3 | I5: =(VLOOKUP(I1,'raw data1'!$A$6:$N$31,14))*HLOOKUP(I1,h2portion!$C$1:$AB$5,4)/HLOOKUP(I1,h2portion!$C$1:$AB$5,2) -> 2051889.2 | J5: =(VLOOKUP(J1,'raw data1'!$A$6:$N$31,14))*HLOOKUP(J1,h2portion!$C$1:$AB$5,4)/HLOOKUP(J1,h2portion!$C$1:$AB$5,2) -> 3366081.2 | ... AA5: =(VLOOKUP(AA1,'raw data1'!$A$6:$N$31,14))*HLOOKUP(AA1,h2portion!$C$1:$AB$5,4)/HLOOKUP(AA1,h2portion!$C$1:$AB$5,2) -> 4584183.2

Sheet Scenario2
A1: input | B1: sector | C1: 2026 | D1: 2027 | E1: 2028 | F1: 2029 | G1: 2030 | H1: 2031 | I1: 2032 | J1: 2033 | K1: 2034 | L1: 2035 | M1: 2036 | N1: 2037 | O1: 2038 | P1: 2039 | Q1: 2040 | R1: 2041 | S1: 2042 | T1: 2043 | U1: 2044 | V1: 2045 | W1: 2046 | X1: 2047 | Y1: 2048 | Z1: 2049 | AA1: 2050
A2: iotable_2023.xlsx | B2: 1610 | C2: ='raw data2'!M7 -> -661199.46 | D2: ='raw data2'!M8 -> -710789.42 | E2: ='raw data2'!M9 -> -760379.37 | F2: ='raw data2'!M10 -> -809969.33 | G2: ='raw data2'!M11 -> -859559.29 | H2: ='raw data2'!M12 -> -1018247.2 | I2: ='raw data2'!M13 -> -1176935 | J2: ='raw data2'!M14 -> -1633162.7 | K2: ='raw data2'!M15 -> -2089390.3 | L2: ='raw data2'!M16 -> -2644797.8 | M2: ='raw data2'!M17 -> -3636597 | N2: ='raw data2'!M18 -> -3636597 | O2: ='raw data2'!M19 -> -3735776.9 | P2: ='raw data2'!M20 -> -3735776.9 | Q2: ='raw data2'!M21 -> -3636597 | R2: ='raw data2'!M22 -> -3735776.9 | S2: ='raw data2'!M23 -> -3834956.8 | T2: ='raw data2'!M24 -> -4264736.5 | U2: ='raw data2'!M25 -> -4694516.1 | V2: ='raw data2'!M26 -> -5124295.8 | W2: ='raw data2'!M27 -> -5223475.7 | X2: ='raw data2'!M28 -> -5322655.6 | Y2: ='raw data2'!M29 -> -5818555.2 | Z2: ='raw data2'!M30 -> -6314454.8 | AA2: ='raw data2'!M31 -> -6611994.6
A3: iotable_2023.xlsx | B3: 4506 | C3: =VLOOKUP(C1,'raw data2'!$A$6:$R$31,18) -> 5574864 | D3: =VLOOKUP(D1,'raw data2'!$A$6:$R$31,18) -> 5714235.6 | E3: =VLOOKUP(E1,'raw data2'!$A$6:$R$31,18) -> 6178807.6 | F3: =VLOOKUP(F1,'raw data2'!$A$6:$R$31,18) -> 6658865.3 | G3: =VLOOKUP(G1,'raw data2'!$A$6:$R$31,18) -> 7154408.8 | H3: =VLOOKUP(H1,'raw data2'!$A$6:$R$31,18) -> 7674729.4 | I3: =VLOOKUP(I1,'raw data2'!$A$6:$R$31,18) -> 8585290.5 | J3: =VLOOKUP(J1,'raw data2'!$A$6:$R$31,18) -> 11940539 | ... AA3: =VLOOKUP(AA1,'raw data2'!$A$6:$R$31,18) -> 55004389
A4: hydrogentable.xlsx | B4: H2S | C4: =(VLOOKUP(C1,'raw data2'!$A$6:$N$31,14))*HLOOKUP(C1,h2portion!$C$1:$AB$5,3)/HLOOKUP(C1,h2portion!$C$1:$AB$5,2) -> 0 | D4: =(VLOOKUP(D1,'raw data2'!$A$6:$N$31,14))*HLOOKUP(D1,h2portion!$C$1:$AB$5,3)/HLOOKUP(D1,h2portion!$C$1:$AB$5,2) -> 0 | E4: =(VLOOKUP(E1,'raw data2'!$A$6:$N$31,14))*HLOOKUP(E1,h2portion!$C$1:$AB$5,3)/HLOOKUP(E1,h2portion!$C$1:$AB$5,2) -> 0 | F4: =(VLOOKUP(F1,'raw data2'!$A$6:$N$31,14))*HLOOKUP(F1,h2portion!$C$1:$AB$5,3)/HLOOKUP(F1,h2portion!$C$1:$AB$5,2) -> 0 | G4: =(VLOOKUP(G1,'raw data2'!$A$6:$N$31,14))*HLOOKUP(G1,h2portion!$C$1:$AB$5,3)/HLOOKUP(G1,h2portion!$C$1:$AB$5,2) -> 0 | H4: =(VLOOKUP(H1,'raw data2'!$A$6:$N$31,14))*HLOOKUP(H1,h2portion!$C$1:$AB$5,3)/HLOOKUP(H1,h2portion!$C$1:$AB$5,2) -> 0 | I4: =(VLOOKUP(I1,'raw data2'!$A$6:$N$31,14))*HLOOKUP(I1,h2portion!$C$1:$AB$5,3)/HLOOKUP(I1,h2portion!$C$1:$AB$5,2) -> 0 | J4: =(VLOOKUP(J1,'raw data2'!$A$6:$N$31,14))*HLOOKUP(J1,h2portion!$C$1:$AB$5,3)/HLOOKUP(J1,h2portion!$C$1:$AB$5,2) -> 293111.12 | ... AA4: =(VLOOKUP(AA1,'raw data2'!$A$6:$N$31,14))*HLOOKUP(AA1,h2portion!$C$1:$AB$5,3)/HLOOKUP(AA1,h2portion!$C$1:$AB$5,2) -> 2325645.1
A5: hydrogentable.xlsx | B5: H2T | C5: =(VLOOKUP(C1,'raw data2'!$A$6:$N$31,14))*HLOOKUP(C1,h2portion!$C$1:$AB$5,4)/HLOOKUP(C1,h2portion!$C$1:$AB$5,2) -> 0 | D5: =(VLOOKUP(D1,'raw data2'!$A$6:$N$31,14))*HLOOKUP(D1,h2portion!$C$1:$AB$5,4)/HLOOKUP(D1,h2portion!$C$1:$AB$5,2) -> 0 | E5: =(VLOOKUP(E1,'raw data2'!$A$6:$N$31,14))*HLOOKUP(E1,h2portion!$C$1:$AB$5,4)/HLOOKUP(E1,h2portion!$C$1:$AB$5,2) -> 0 | F5: =(VLOOKUP(F1,'raw data2'!$A$6:$N$31,14))*HLOOKUP(F1,h2portion!$C$1:$AB$5,4)/HLOOKUP(F1,h2portion!$C$1:$AB$5,2) -> 0 | G5: =(VLOOKUP(G1,'raw data2'!$A$6:$N$31,14))*HLOOKUP(G1,h2portion!$C$1:$AB$5,4)/HLOOKUP(G1,h2portion!$C$1:$AB$5,2) -> 0 | H5: =(VLOOKUP(H1,'raw data2'!$A$6:$N$31,14))*HLOOKUP(H1,h2portion!$C$1:$AB$5,4)/HLOOKUP(H1,h2portion!$C$1:$AB$5,2) -> 0 | I5: =(VLOOKUP(I1,'raw data2'!$A$6:$N$31,14))*HLOOKUP(I1,h2portion!$C$1:$AB$5,4)/HLOOKUP(I1,h2portion!$C$1:$AB$5,2) -> 0 | J5: =(VLOOKUP(J1,'raw data2'!$A$6:$N$31,14))*HLOOKUP(J1,h2portion!$C$1:$AB$5,4)/HLOOKUP(J1,h2portion!$C$1:$AB$5,2) -> 371501.3 | ... AA5: =(VLOOKUP(AA1,'raw data2'!$A$6:$N$31,14))*HLOOKUP(AA1,h2portion!$C$1:$AB$5,4)/HLOOKUP(AA1,h2portion!$C$1:$AB$5,2) -> 2646423.8

Sheet raw data1
B1: Consumption(조강생산량 100만톤 고정 기준) | D1: 4 | E1: 5 | F1: 6 | G1: 7 | H1: 8 | I1: 9 | J1: 10 | K1: 11 | L1: 12 | M1: 13 | N1: 14 | O1: 15 | P1: 16 | Q1: 17 | R1: 18
A2: reference | B2: PLANiT | M2: 석탄사용감소 | N2: 수소사용증가 | O2: 재생전력증가 | P2: 재생전력증가 | Q2: 재생전력증가 | R2: 재생전력증가
B3: Coal_BB | C3: Coal_BX | D3: Coal_total | E3: Hydrogen H2 | F3: Electricity_H2 | G3: Electricity EAF | H3: Total | J3: 석탄감소량 | K3: 석탄감소량_누적 | O3: 부생가스전력전환 | P3: 전기로등 설비 전력 | Q3: 수소생산용 | R3: 총합
A5: unit | B5: GJ | C5: GJ | D5: GJ | E5: GJ | F5: GJ | G5: GJ | J5: GJ | K5: GJ | M5: 백만원 | N5: 백만원 | O5: 백만원 | P5: 백만원 | Q5: 백만원 | R5: 백만원
A6: 2025 | B6: 6.5586072e+08 | C6: 48082610 | D6: =SUM(B6:C6) -> 7.0394333e+08 | E6: 0 | F6: 0 | G6: 0 | H6: =SUM(D6:G6) -> 7.0394333e+08 | L6: 2025 | N6: =E6*parameters!K7/1000 -> 0 | O6: =parameters!$G$7*(1-parameters!$H7)*parameters!L7/1000 -> 974131.53 | P6: =(G6+F6)*parameters!$C$7*parameters!L7/1000 -> 0 | Q6: =E6*parameters!$E$7*parameters!$D$7*parameters!L7/1000 -> 0 | R6: =O6+P6+Q6 -> 974131.53
A7: 2026 | B7: 6.1184225e+08 | C7: 45041399 | D7: =SUM(B7:C7) -> 6.5688364e+08 | E7: 0 | F7: 0 | G7: 15000000 | H7: =SUM(D7:G7) -> 6.7188364e+08 | J7: =(B6+C6)-(B7+C7) -> 47059683 | K7: =J7 -> 47059683 | L7: 2026 | M7: =-K7*parameters!$B$7*parameters!J8/1000 -> -660838.11 | N7: =E7*parameters!K8/1000 -> 0 | O7: =parameters!$G$7*(1-parameters!$H8)*parameters!L8/1000 -> 1779728.2 | P7: =(G7+F7)*parameters!$C$7*parameters!L8/1000 -> 750060 | Q7: =E7*parameters!$E$7*parameters!$D$7*parameters!L8/1000 -> 0 | R7: =O7+P7+Q7 -> 2529788.2
A8: 2027 | B8: 5.7564545e+08 | C8: 42376701 | D8: =SUM(B8:C8) -> 6.1802215e+08 | E8: 0 | F8: 0 | G8: 30000000 | H8: =SUM(D8:G8) -> 6.4802215e+08 | J8: =(B7+C7)-(B8+C8) -> 38861495 | K8: =K7+J8 -> 85921178 | L8: 2027 | M8: =-K8*parameters!$B$7*parameters!J8/1000 -> -1206552.7 | N8: =E8*parameters!K9/1000 -> 0 | O8: =parameters!$G$7*(1-parameters!$H9)*parameters!L9/1000 -> 2529467.6 | P8: =(G8+F8)*parameters!$C$7*parameters!L9/1000 -> 1500120 | Q8: =E8*parameters!$E$7*parameters!$D$7*parameters!L9/1000 -> 0 | R8: =O8+P8+Q8 -> 4029587.6
A9: 2028 | B9: 5.7564545e+08 | C9: 42376701 | D9: =SUM(B9:C9) -> 6.1802215e+08 | E9: 0 | F9: 0 | G9: 30000000 | H9: =SUM(D9:G9) -> 6.4802215e+08 | J9: =(B8+C8)-(B9+C9) -> 0 | K9: =K8+J9 -> 85921178 | L9: 2028 | M9: =-K9*parameters!$B$7*parameters!J9/1000 -> -1206552.7 | N9: =E9*parameters!K10/1000 -> 0 | O9: =parameters!$G$7*(1-parameters!$H10)*parameters!L10/1000 -> 2669993.6 | P9: =(G9+F9)*parameters!$C$7*parameters!L10/1000 -> 1583460 | Q9: =E9*parameters!$E$7*parameters!$D$7*parameters!L10/1000 -> 0 | R9: =O9+P9+Q9 -> 4253453.6
A10: 2029 | B10: 5.6116669e+08 | C10: 41310857 | D10: =SUM(B10:C10) -> 6.0247755e+08 | E10: 0 | F10: 0 | G10: 36000000 | H10: =SUM(D10:G10) -> 6.3847755e+08 | J10: =(B9+C9)-(B10+C10) -> 15544600 | K10: =K9+J10 -> 1.0146578e+08 | L10: 2029 | M10: =-K10*parameters!$B$7*parameters!J10/1000 -> -1424838.6 | N10: =E10*parameters!K11/1000 -> 0 | O10: =parameters!$G$7*(1-parameters!$H11)*parameters!L11/1000 -> 3142774 | P10: =(G10+F10)*parameters!$C$7*parameters!L11/1000 -> 2000160 | Q10: =E10*parameters!$E$7*parameters!$D$7*parameters!L11/1000 -> 0 | R10: =O10+P10+Q10 -> 5142934
A11: 2030 | B11: 4.2940524e+08 | C11: 41310857 | D11: =SUM(B11:C11) -> 4.707161e+08 | E11: 57598123 | F11: 57598123 | G11: 36000000 | H11: =SUM(D11:G11) -> 6.2191234e+08 | J11: =(B10+C10)-(B11+C11) -> 1.3176145e+08 | K11: =K10+J11 -> 2.3322723e+08 | L11: 2030 | M11: =-K11*parameters!$B$7*parameters!J11/1000 -> -3275105.8 | N11: =E11*parameters!K12/1000 -> 4976477.8 | O11: =parameters!$G$7*(1-parameters!$H12)*parameters!L12/1000 -> 6028492.2 | P11: =(G11+F11)*parameters!$C$7*parameters!L12/1000 -> 5460327.3 | Q11: =E11*parameters!$E$7*parameters!$D$7*parameters!L12/1000 -> 5039634.1 | R11: =O11+P11+Q11 -> 16528454
A12: 2031 | B12: 4.2940524e+08 | C12: 41310857 | D12: =SUM(B12:C12) -> 4.707161e+08 | E12: 57598123 | F12: 57598123 | G12: 36000000 | H12: =SUM(D12:G12) -> 6.2191234e+08 | J12: =(B11+C11)-(B12+C12) -> 0 | K12: =K11+J12 -> 2.3322723e+08 | L12: 2031 | M12: =-K12*parameters!$B$7*parameters!J12/1000 -> -3275105.8 | N12: =E12*parameters!K13/1000 -> 4792643.6 | O12: =parameters!$G$7*(1-parameters!$H13)*parameters!L13/1000 -> 6028492.2 | P12: =(G12+F12)*parameters!$C$7*parameters!L13/1000 -> 5460327.3 | Q12: =E12*parameters!$E$7*parameters!$D$7*parameters!L13/1000 -> 5039634.1 | R12: =O12+P12+Q12 -> 16528454
A13: 2032 | B13: 4.2940524e+08 | C13: 41310857 | D13: =SUM(B13:C13) -> 4.707161e+08 | E13: 80627233 | F13: 34554529 | G13: 36000000 | H13: =SUM(D13:G13) -> 6.2189786e+08 | J13: =(B12+C12)-(B13+C13) -> 0 | K13: =K12+J13 -> 2.3322723e+08 | L13: 2032 | M13: =-K13*parameters!$B$7*parameters!J13/1000 -> -3275105.8 | N13: =E13*parameters!K14/1000 -> 6513336.4 | O13: =parameters!$G$7*(1-parameters!$H14)*parameters!L14/1000 -> 6315563.2 | P13: =(G13+F13)*parameters!$C$7*parameters!L14/1000 -> 4312010.6 | Q13: =E13*parameters!$E$7*parameters!$D$7*parameters!L14/1000 -> 7390534.1 | R13: =O13+P13+Q13 -> 18018108
A14: 2033 | B14: 3.5590192e+08 | C14: 41310857 | D14: =SUM(B14:C14) -> 3.9721278e+08 | E14: 1.3541019e+08 | F14: 58032937 | G14: 36000000 | H14: =SUM(D14:G14) -> 6.266559e+08 | J14: =(B13+C13)-(B14+C14) -> 73503317 | K14: =K13+J14 -> 3.0673055e+08 | L14: 2033 | M14: =-K14*parameters!$B$7*parameters!J14/1000 -> -4307280 | N14: =E14*parameters!K15/1000 -> 10684992 | O14: =parameters!$G$7*(1-parameters!$H15)*parameters!L15/1000 -> 8631232.3 | P14: =(G14+F14)*parameters!$C$7*parameters!L15/1000 -> 6008140.4 | Q14: =E14*parameters!$E$7*parameters!$D$7*parameters!L15/1000 -> 12976290 | R14: =O14+P14+Q14 -> 27615663
A15: 2034 | B15: 3.5590192e+08 | C15: 41310857 | D15: =SUM(B15:C15) -> 3.9721278e+08 | E15: 1.3541019e+08 | F15: 58032937 | G15: 36000000 | H15: =SUM(D15:G15) -> 6.266559e+08 | J15: =(B14+C14)-(B15+C15) -> 0 | K15: =K14+J15 -> 3.0673055e+08 | L15: 2034 | M15: =-K15*parameters!$B$7*parameters!J15/1000 -> -4307280 | N15: =E15*parameters!K16/1000 -> 10620672 | O15: =parameters!$G$7*(1-parameters!$H16)*parameters!L16/1000 -> 9006503.3 | P15: =(G15+F15)*parameters!$C$7*parameters!L16/1000 -> 6269363.9 | Q15: =E15*parameters!$E$7*parameters!$D$7*parameters!L16/1000 -> 13540477 | R15: =O15+P15+Q15 -> 28816344
A16: 2035 | B16: 3.0416635e+08 | C16: 0 | D16: =SUM(B16:C16) -> 3.0416635e+08 | E16: 2.0475887e+08 | F16: 87753799 | G16: 36000000 | H16: =SUM(D16:G16) -> 6.3267902e+08 | J16: =(B15+C15)-(B16+C16) -> 93046428 | K16: =K15+J16 -> 3.9977698e+08 | L16: 2035 | M16: =-K16*parameters!$B$7*parameters!J16/1000 -> -5613889.5 | N16: =E16*parameters!K17/1000 -> 15856868 | O16: =parameters!$G$7*(1-parameters!$H17)*parameters!L17/1000 -> 10934703 | P16: =(G16+F16)*parameters!$C$7*parameters!L17/1000 -> 8594701.4 | Q16: =E16*parameters!$E$7*parameters!$D$7*parameters!L17/1000 -> 21328195 | R16: =O16+P16+Q16 -> 40857599
A17: 2036 | B17: 2.4309251e+08 | C17: 0 | D17: =SUM(B17:C17) -> 2.4309251e+08 | E17: 2.5027797e+08 | F17: 1.0726199e+08 | G17: 36000000 | H17: =SUM(D17:G17) -> 6.3663247e+08 | J17: =(B16+C16)-(B17+C17) -> 61073844 | K17: =K16+J17 -> 4.6085082e+08 | L17: 2036 | M17: =-K17*parameters!$B$7*parameters!J17/1000 -> -6471522.2 | N17: =E17*parameters!K18/1000 -> 19119152 | O17: =parameters!$G$7*(1-parameters!$H18)*parameters!L18/1000 -> 12768523 | P17: =(G17+F17)*parameters!$C$7*parameters!L18/1000 -> 9949545.1 | Q17: =E17*parameters!$E$7*parameters!$D$7*parameters!L18/1000 -> 26069579 | R17: =O17+P17+Q17 -> 48787647
A18: 2037 | B18: 1.897014e+08 | C18: 0 | D18: =SUM(B18:C18) -> 1.897014e+08 | E18: 2.9007104e+08 | F18: 1.2431616e+08 | G18: 36000000 | H18: =SUM(D18:G18) -> 6.400886e+08 | J18: =(B17+C17)-(B18+C18) -> 53391108 | K18: =K17+J18 -> 5.1424193e+08 | L18: 2037 | M18: =-K18*parameters!$B$7*parameters!J18/1000 -> -7221269.6 | N18: =E18*parameters!K19/1000 -> 20749748 | O18: =parameters!$G$7*(1-parameters!$H19)*parameters!L19/1000 -> 14369604 | P18: =(G18+F18)*parameters!$C$7*parameters!L19/1000 -> 11133957 | Q18: =E18*parameters!$E$7*parameters!$D$7*parameters!L19/1000 -> 30214525 | R18: =O18+P18+Q18 -> 55718086
A19: 2038 | B19: 1.897014e+08 | C19: 0 | D19: =SUM(B19:C19) -> 1.897014e+08 | E19: 2.9007104e+08 | F19: 1.2431616e+08 | G19: 36000000 | H19: =SUM(D19:G19) -> 6.400886e+08 | J19: =(B18+C18)-(B19+C19) -> 0 | K19: =K18+J19 -> 5.1424193e+08 | L19: 2038 | M19: =-K19*parameters!$B$7*parameters!J19/1000 -> -7221269.6 | N19: =E19*parameters!K20/1000 -> 19852947 | O19: =parameters!$G$7*(1-parameters!$H20)*parameters!L20/1000 -> 14369604 | P19: =(G19+F19)*parameters!$C$7*parameters!L20/1000 -> 11133957 | Q19: =E19*parameters!$E$7*parameters!$D$7*parameters!L20/1000 -> 30214525 | R19: =O19+P19+Q19 -> 55718086
... A31: 2050 | B31: 0 | C31: 0 | D31: =SUM(B31:C31) -> 0 | E31: 4.314579e+08 | F31: 1.8491053e+08 | G31: 36000000 | H31: =SUM(D31:G31) -> 6.5236842e+08 | J31: =(B30+C30)-(B31+C31) -> 0 | K31: =K30+J31 -> 7.0394333e+08 | L31: 2050 | M31: =-K31*parameters!$B$7*parameters!J31/1000 -> -9885161.6 | N31: =E31*parameters!K32/1000 -> 17549550 | O31: =parameters!$G$7*(1-parameters!$H32)*parameters!L32/1000 -> 20063675 | P31: =(G31+F31)*parameters!$C$7*parameters!L32/1000 -> 15342236 | Q31: =E31*parameters!$E$7*parameters!$D$7*parameters!L32/1000 -> 44941733 | R31: =O31+P31+Q31 -> 80347644

Sheet raw data2
B1: Consumption(조강생산량 100만톤 고정 기준) | E1: 5 | F1: 6 | G1: 7 | H1: 8 | I1: 9 | J1: 10 | K1: 11 | L1: 12 | M1: 13 | N1: 14 | O1: 15 | P1: 16 | Q1: 17 | R1: 18
A2: reference | B2: PLANiT | M2: 석탄사용감소 | N2: 수소사용증가 | O2: 재생전력증가 | P2: 재생전력증가 | Q2: 재생전력증가 | R2: 재생전력증가
B3: Coal_BB | C3: Coal_BX | D3: Coal_total | E3: Hydrogen H2 | F3: Electricity_H2 | G3: Electricity EAF | H3: Total | J3: 석탄감소량 | K3: 석탄감소량_누적 | O3: 부생가스전력전환 | P3: 전기로등 설비 전력 | Q3: 수소생산용 | R3: 총합
A5: unit | B5: GJ | C5: GJ | D5: GJ | E5: GJ | F5: GJ | G5: GJ | J5: GJ | K5: GJ | M5: 백만원 | N5: 백만원 | O5: 백만원 | P5: 백만원 | Q5: 백만원 | R5: 백만원
A6: 2025 | B6: 569262679 | C6: 40865546 | D6: =SUM(B6:C6) -> 610128225 | E6: 0 | F6: 0 | G6: 35806400 | H6: =SUM(D6:G6) -> 645934625 | N6: =E6*parameters!K7/1000 -> 0 | O6: =parameters!$G$7*(1-parameters!$I7)*parameters!L7/1000 -> 1819106.5 | P6: =(G6+F6)*parameters!$C$7*parameters!L7/1000 -> 1690993 | Q6: =E6*parameters!$E$7*parameters!$D$7*parameters!L7/1000 -> 0 | R6: =O6+P6+Q6 -> 3510099.5
A7: 2026 | B7: 522177263 | C7: 40865546 | D7: =SUM(B7:C7) -> 563042809 | E7: 0 | F7: 0 | G7: 53709600 | H7: =SUM(D7:G7) -> 616752409 | J7: =(B6+C6)-(B7+C7) -> 47085416 | K7: =J7 -> 47085416 | M7: =-K7*parameters!$B$7*parameters!J8/1000 -> -661199.46 | N7: =E7*parameters!K8/1000 -> 0 | O7: =parameters!$G$7*(1-parameters!$I8)*parameters!L8/1000 -> 2889169.1 | P7: =(G7+F7)*parameters!$C$7*parameters!L8/1000 -> 2685694.8 | Q7: =E7*parameters!$E$7*parameters!$D$7*parameters!L8/1000 -> 0 | R7: =O7+P7+Q6 -> 5574864
A8: 2027 | B8: 518645857 | C8: 40865546 | D8: =SUM(B8:C8) -> 559511403 | E8: 0 | F8: 0 | G8: 55052340 | H8: =SUM(D8:G8) -> 614563743 | J8: =(B7+C7)-(B8+C8) -> 3531406 | K8: =K7+J8 -> 50616822 | M8: =-K8*parameters!$B$7*parameters!J8/1000 -> -710789.42 | N8: =E8*parameters!K9/1000 -> 0 | O8: =parameters!$G$7*(1-parameters!$I9)*parameters!L9/1000 -> 2961398.4 | P8: =(G8+F8)*parameters!$C$7*parameters!L9/1000 -> 2752837.2 | Q8: =E8*parameters!$E$7*parameters!$D$7*parameters!L9/1000 -> 0 | R8: =O8+P8+Q8 -> 5714235.6
A9: 2028 | B9: 515114451 | C9: 40865546 | D9: =SUM(B9:C9) -> 555979997 | E9: 0 | F9: 0 | G9: 56395080 | H9: =SUM(D9:G9) -> 612375077 | J9: =(B8+C8)-(B9+C9) -> 3531406 | K9: =K8+J9 -> 54148228 | M9: =-K9*parameters!$B$7*parameters!J9/1000 -> -760379.37 | N9: =E9*parameters!K10/1000 -> 0 | O9: =parameters!$G$7*(1-parameters!$I10)*parameters!L10/1000 -> 3202162.5 | P9: =(G9+F9)*parameters!$C$7*parameters!L10/1000 -> 2976645.1 | Q9: =E9*parameters!$E$7*parameters!$D$7*parameters!L10/1000 -> 0 | R9: =O9+P9+Q9 -> 6178807.6
A10: 2029 | B10: 511583045 | C10: 40865546 | D10: =SUM(B10:C10) -> 552448591 | E10: 0 | F10: 0 | G10: 57737820 | H10: =SUM(D10:G10) -> 610186411 | J10: =(B9+C9)-(B10+C10) -> 3531406 | K10: =K9+J10 -> 57679634 | M10: =-K10*parameters!$B$7*parameters!J10/1000 -> -809969.33 | N10: =E10*parameters!K11/1000 -> 0 | O10: =parameters!$G$7*(1-parameters!$I11)*parameters!L11/1000 -> 3450952 | P10: =(G10+F10)*parameters!$C$7*parameters!L11/1000 -> 3207913.3 | Q10: =E10*parameters!$E$7*parameters!$D$7*parameters!L11/1000 -> 0 | R10: =O10+P10+Q10 -> 6658865.3
A11: 2030 | B11: 508051639 | C11: 40865546 | D11: =SUM(B11:C11) -> 548917185 | E11: 0 | F11: 0 | G11: 59080560 | H11: =SUM(D11:G11) -> 607997745 | J11: =(B10+C10)-(B11+C11) -> 3531406 | K11: =K10+J11 -> 61211040 | M11: =-K11*parameters!$B$7*parameters!J11/1000 -> -859559.29 | N11: =E11*parameters!K12/1000 -> 0 | O11: =parameters!$G$7*(1-parameters!$I12)*parameters!L12/1000 -> 3707767.1 | P11: =(G11+F11)*parameters!$C$7*parameters!L12/1000 -> 3446641.7 | Q11: =E11*parameters!$E$7*parameters!$D$7*parameters!L12/1000 -> 0 | R11: =O11+P11+Q11 -> 7154408.8
A12: 2031 | B12: 496751139 | C12: 40865546 | D12: =SUM(B12:C12) -> 537616685 | E12: 0 | F12: 0 | G12: 63377328 | H12: =SUM(D12:G12) -> 600994013 | J12: =(B11+C11)-(B12+C12) -> 11300500 | K12: =K11+J12 -> 72511540 | M12: =-K12*parameters!$B$7*parameters!J12/1000 -> -1018247.2 | N12: =E12*parameters!K13/1000 -> 0 | O12: =parameters!$G$7*(1-parameters!$I13)*parameters!L13/1000 -> 3977422.9 | P12: =(G12+F12)*parameters!$C$7*parameters!L13/1000 -> 3697306.6 | Q12: =E12*parameters!$E$7*parameters!$D$7*parameters!L13/1000 -> 0 | R12: =O12+P12+Q12 -> 7674729.4
A13: 2032 | B13: 485450639 | C13: 40865546 | D13: =SUM(B13:C13) -> 526316185 | E13: 0 | F13: 0 | G13: 67674096 | H13: =SUM(D13:G13) -> 593990281 | J13: =(B12+C12)-(B13+C13) -> 11300500 | K13: =K12+J13 -> 83812040 | M13: =-K13*parameters!$B$7*parameters!J13/1000 -> -1176935 | N13: =E13*parameters!K14/1000 -> 0 | O13: =parameters!$G$7*(1-parameters!$I14)*parameters!L14/1000 -> 4449320.5 | P13: =(G13+F13)*parameters!$C$7*parameters!L14/1000 -> 4135970.1 | Q13: =E13*parameters!$E$7*parameters!$D$7*parameters!L14/1000 -> 0 | R13: =O13+P13+Q13 -> 8585290.5
A14: 2033 | B14: 452961702 | C14: 40865546 | D14: =SUM(B14:C14) -> 493827248 | E14: 14944696 | F14: 6404870 | G14: 71970864 | H14: =SUM(D14:G14) -> 587147678 | J14: =(B13+C13)-(B14+C14) -> 32488937 | K14: =K13+J14 -> 116300977 | M14: =-K14*parameters!$B$7*parameters!J14/1000 -> -1633162.7 | N14: =E14*parameters!K15/1000 -> 1179261 | O14: =parameters!$G$7*(1-parameters!$I15)*parameters!L15/1000 -> 5500657 | P14: =(G14+F14)*parameters!$C$7*parameters!L15/1000 -> 5007739.1 | Q14: =E14*parameters!$E$7*parameters!$D$7*parameters!L15/1000 -> 1432142.7 | R14: =O14+P14+Q14 -> 11940539
A15: 2034 | B15: 420472765 | C15: 40865546 | D15: =SUM(B15:C15) -> 461338311 | E15: 29889392 | F15: 12809740 | G15: 76267632 | H15: =SUM(D15:G15) -> 580305075 | J15: =(B14+C14)-(B15+C15) -> 32488937 | K15: =K14+J15 -> 148789914 | M15: =-K15*parameters!$B$7*parameters!J15/1000 -> -2089390.3 | N15: =E15*parameters!K16/1000 -> 2344324.5 | O15: =parameters!$G$7*(1-parameters!$I16)*parameters!L16/1000 -> 6625827.9 | P15: =(G15+F15)*parameters!$C$7*parameters!L16/1000 -> 5938966.5 | Q15: =E15*parameters!$E$7*parameters!$D$7*parameters!L16/1000 -> 2988819.6 | R15: =O15+P15+Q15 -> 15553614
A16: 2035 | B16: 380921015 | C16: 40865546 | D16: =SUM(B16:C16) -> 421786561 | E16: 49815654 | F16: 21349566 | G16: 80564400 | H16: =SUM(D16:G16) -> 573516181 | J16: =(B15+C15)-(B16+C16) -> 39551750 | K16: =K15+J16 -> 188341664 | M16: =-K16*parameters!$B$7*parameters!J16/1000 -> -2644797.8 | N16: =E16*parameters!K17/1000 -> 3857807.4 | O16: =parameters!$G$7*(1-parameters!$I17)*parameters!L17/1000 -> 8025469.8 | P16: =(G16+F16)*parameters!$C$7*parameters!L17/1000 -> 7077924.9 | Q16: =E16*parameters!$E$7*parameters!$D$7*parameters!L17/1000 -> 5188923.1 | R16: =O16+P16+Q16 -> 20292318
A17: 2036 | B17: 310292891 | C17: 40865546 | D17: =SUM(B17:C17) -> 351158437 | E17: 74723481 | F17: 32024349 | G17: 93991800 | H17: =SUM(D17:G17) -> 551898067 | J17: =(B16+C16)-(B17+C17) -> 70628124 | K17: =K16+J17 -> 258969788 | M17: =-K17*parameters!$B$7*parameters!J17/1000 -> -3636597 | N17: =E17*parameters!K18/1000 -> 5708251.5 | O17: =parameters!$G$7*(1-parameters!$I18)*parameters!L18/1000 -> 10031837 | P17: =(G17+F17)*parameters!$C$7*parameters!L18/1000 -> 8751821.5 | Q17: =E17*parameters!$E$7*parameters!$D$7*parameters!L18/1000 -> 7783384.6 | R17: =O17+P17+Q17 -> 26567043
A18: 2037 | B18: 310292891 | C18: 40865546 | D18: =SUM(B18:C18) -> 351158437 | E18: 99631308 | F18: 42699132 | G18: 80564400 | H18: =SUM(D18:G18) -> 574053277 | J18: =(B17+C17)-(B18+C18) -> 0 | K18: =K17+J18 -> 258969788 | M18: =-K18*parameters!$B$7*parameters!J18/1000 -> -3636597 | N18: =E18*parameters!K19/1000 -> 7126959.2 | O18: =parameters!$G$7*(1-parameters!$I19)*parameters!L19/1000 -> 10031837 | P18: =(G18+F18)*parameters!$C$7*parameters!L19/1000 -> 8560652.3 | Q18: =E18*parameters!$E$7*parameters!$D$7*parameters!L19/1000 -> 10377846 | R18: =O18+P18+Q18 -> 28970336
A19: 2038 | B19: 303230079 | C19: 40865546 | D19: =SUM(B19:C19) -> 344095625 | E19: 124539135 | F19: 53373915 | G19: 69822480 | H19: =SUM(D19:G19) -> 591831155 | J19: =(B18+C18)-(B19+C19) -> 7062812 | K19: =K18+J19 -> 266032600 | M19: =-K19*parameters!$B$7*parameters!J19/1000 -> -3735776.9 | N19: =E19*parameters!K20/1000 -> 8523666.4 | O19: =parameters!$G$7*(1-parameters!$I20)*parameters!L20/1000 -> 10232474 | P19: =(G19+F19)*parameters!$C$7*parameters!L20/1000 -> 8555989.6 | Q19: =E19*parameters!$E$7*parameters!$D$7*parameters!L20/1000 -> 12972308 | R19: =O19+P19+Q19 -> 31760771
... A31: 2050 | B31: 98408519 | C31: 40865546 | D31: =SUM(B31:C31) -> 139274065 | E31: 249078270 | F31: 106747830 | G31: 80564400 | H31: =SUM(D31:G31) -> 575664565 | J31: =(B30+C30)-(B31+C31) -> 21188438 | K31: =K30+J31 -> 470854160 | M31: =-K31*parameters!$B$7*parameters!J31/1000 -> -6611994.6 | N31: =E31*parameters!K32/1000 -> 10131259 | O31: =parameters!$G$7*(1-parameters!$I32)*parameters!L32/1000 -> 16050940 | P31: =(G31+F31)*parameters!$C$7*parameters!L32/1000 -> 13008834 | Q31: =E31*parameters!$E$7*parameters!$D$7*parameters!L32/1000 -> 25944615 | R31: =O31+P31+Q31 -> 55004389

Sheet parameters
B1: 유연탄(원료용) 순발열량 | C1: unit conversion | D1: 그린수소 생산에 필요한 전력량 | E1: unit conversion | F1: 부생가스 에너지 사용량 | G1: 부생가스 에너지 사용량 | H1: 고로 비율_ scenario1 | I1: 고로 비율_ scenario2 | J1: 석탄가격 | K1: 수소가격 | L1: 재생전력가격
A2: 출처 | B2: IPCC | C2: universal | D2: IEA, Comparison of the emissions intensity of different hydrogen production routes, 2021 | E2: US DOE, Hydrogen storage | F2: 2024POSCO ESG factbook | G2: 2024POSCO ESG factbook | H2: PLANIT | I2: PLANIT | J2: PLANIT | K2: PLANIT | L2: PLANIT
B3: ton/GJ | C3: kWh/GJ | D3: kWh/kgH2 | E3: kgH2/GJ | F3: GJ | G3: kWh | J3: 천원/ton | K3: 천원/GJ | L3: 천원/kWh
A4: 2022 | F4: 288103292
A5: 2023 | F5: 294489643
A6: 2024 | F6: 284088474
A7: 2025 | B7: =1/28.2 -> 0.035460993 | C7: 277.8 | D7: 50 | E7: 8.333 | F7: =AVERAGE(F4:F6) -> 288893803 | G7: =F7*C7 -> 8.0254698e+10 | H7: 0.9286 | I7: 0.86666667 | J7: 396 | K7: 90.71667 | L7: 0.17
A8: 2026 | H8: 0.8768 | I8: 0.8 | J8: 396 | K8: 89.675 | L8: 0.18
A9: 2027 | H9: 0.8249 | I9: 0.795 | J9: 396 | K9: 87.975 | L9: 0.18
A10: 2028 | H10: 0.8249 | I10: 0.79 | J10: 396 | K10: 89.74167 | L10: 0.19
A11: 2029 | H11: 0.8042 | I11: 0.785 | J11: 396 | K11: 89.8 | L11: 0.2
A12: 2030 | H12: 0.6423 | I12: 0.78 | J12: 396 | K12: 86.4 | L12: 0.21
A13: 2031 | H13: 0.6423 | I13: 0.764 | J13: 396 | K13: 83.20833 | L13: 0.21
A14: 2032 | H14: 0.6423 | I14: 0.748 | J14: 396 | K14: 80.78333 | L14: 0.22
A15: 2033 | H15: 0.5324 | I15: 0.702 | J15: 396 | K15: 78.90833 | L15: 0.23
A16: 2034 | H16: 0.5324 | I16: 0.656 | J16: 396 | K16: 78.43333 | L16: 0.24
A17: 2035 | H17: 0.455 | I17: 0.6 | J17: 396 | K17: 77.44167 | L17: 0.25
A18: 2036 | H18: 0.3636 | I18: 0.5 | J18: 396 | K18: 76.39167 | L18: 0.25
A19: 2037 | H19: 0.2838 | I19: 0.5 | J19: 396 | K19: 71.53333 | L19: 0.25
... A32: 2050 | H32: 0 | I32: 0.2 | J32: 396 | K32: 40.675 | L32: 0.25

Sheet h2portion
A1: input | B1: sector | C1: 2025 | D1: 2026 | E1: 2027 | F1: 2028 | G1: 2029 | H1: 2030 | I1: 2031 | J1: 2032 | K1: 2033 | L1: 2034 | M1: 2035 | N1: 2036 | O1: 2037 | P1: 2038 | Q1: 2039 | R1: 2040 | S1: 2041 | T1: 2042 | U1: 2043 | V1: 2044 | W1: 2045 | X1: 2046 | Y1: 2047 | Z1: 2048 | AA1: 2049 | AB1: 2050
A2: hydrogentable_2020.xlsx | B2: H2P | C2: 0.341 | D2: 0.341 | E2: 0.341 | F2: 0.341 | G2: 0.341 | H2: 0.341 | I2: 0.346 | J2: 0.346 | K2: 0.346 | L2: 0.346 | M2: 0.346 | N2: 0.346 | O2: 0.346 | P2: 0.346 | Q2: 0.346 | R2: 0.346 | S2: 0.379 | T2: 0.379 | U2: 0.379 | V2: 0.379 | W2: 0.379 | X2: 0.379 | Y2: 0.379 | Z2: 0.379 | AA2: 0.379 | AB2: 0.379
A3: hydrogentable_2020.xlsx | B3: H2S | C3: 0.104 | D3: 0.104 | E3: 0.104 | F3: 0.104 | G3: 0.104 | H3: 0.104 | I3: 0.086 | J3: 0.086 | K3: 0.086 | L3: 0.086 | M3: 0.086 | N3: 0.086 | O3: 0.086 | P3: 0.086 | Q3: 0.086 | R3: 0.086 | S3: 0.087 | T3: 0.087 | U3: 0.087 | V3: 0.087 | W3: 0.087 | X3: 0.087 | Y3: 0.087 | Z3: 0.087 | AA3: 0.087 | AB3: 0.087
A4: hydrogentable_2020.xlsx | B4: H2T | C4: 0.112 | D4: 0.112 | E4: 0.112 | F4: 0.112 | G4: 0.112 | H4: 0.112 | I4: 0.109 | J4: 0.109 | K4: 0.109 | L4: 0.109 | M4: 0.109 | N4: 0.109 | O4: 0.109 | P4: 0.109 | Q4: 0.109 | R4: 0.109 | S4: 0.099 | T4: 0.099 | U4: 0.099 | V4: 0.099 | W4: 0.099 | X4: 0.099 | Y4: 0.099 | Z4: 0.099 | AA4: 0.099 | AB4: 0.099
A5: hydrogentable_2020.xlsx | B5: H2U | C5: 0.444 | D5: 0.444 | E5: 0.444 | F5: 0.444 | G5: 0.444 | H5: 0.444 | I5: 0.459 | J5: 0.459 | K5: 0.459 | L5: 0.459 | M5: 0.459 | N5: 0.459 | O5: 0.459 | P5: 0.459 | Q5: 0.459 | R5: 0.459 | S5: 0.435 | T5: 0.435 | U5: 0.435 | V5: 0.435 | W5: 0.435 | X5: 0.435 | Y5: 0.435 | Z5: 0.435 | AA5: 0.435 | AB5: 0.435
